Value.CurrentRepetition,Value.ElapsedTime,Value.LostFocusTime,Value.Mode,Value.PatientID,Value.Repetitions,Value.Time,Value.ToolData,Value.ToolEnded,Value.TrialID,Value.Type,Value.x,Value.y,Value.z
,0,,Normal,Default,5,7/29/2022 3:54:24 PM,,false,92704cd1-8079-490a-ac1e-0bb1ed03fbef,FingerFollowConfig,,,
,2,,,,,7/29/2022 3:54:24 PM,FingerFollowData,,,LeftControllerPosition,-0.30600491166114807,0.8584347367286682,0.39269644021987915
,2,,,,,7/29/2022 3:54:24 PM,FingerFollowData,,,RightControllerPosition,0.0834701731801033,0.8326022624969482,0.28582310676574707
,81,,,,,7/29/2022 3:54:24 PM,FingerFollowData,,,LeftControllerPosition,-0.30606186389923096,0.8590893745422363,0.3923834264278412
,81,,,,,7/29/2022 3:54:24 PM,FingerFollowData,,,RightControllerPosition,0.08482032269239426,0.8401272892951965,0.28629064559936523
,164,,,,,7/29/2022 3:54:24 PM,FingerFollowData,,,LeftControllerPosition,-0.3072030544281006,0.8615075945854187,0.390299916267395
,164,,,,,7/29/2022 3:54:24 PM,FingerFollowData,,,RightControllerPosition,0.0859377384185791,0.8582639694213867,0.28735342621803284
,247,,,,,7/29/2022 3:54:24 PM,FingerFollowData,,,LeftControllerPosition,-0.305262953042984,0.8624348044395447,0.3887556791305542
,247,,,,,7/29/2022 3:54:24 PM,FingerFollowData,,,RightControllerPosition,0.08861958980560303,0.9083531498908997,0.2733181416988373
,331,,,,,7/29/2022 3:54:24 PM,FingerFollowData,,,LeftControllerPosition,-0.30298125743865967,0.8635436296463013,0.38529521226882935
,331,,,,,7/29/2022 3:54:24 PM,FingerFollowData,,,RightControllerPosition,0.11544927954673767,0.9271188378334045,0.2524808645248413
,415,,,,,7/29/2022 3:54:24 PM,FingerFollowData,,,LeftControllerPosition,-0.30570581555366516,0.8634783029556274,0.3839847147464752
,415,,,,,7/29/2022 3:54:24 PM,FingerFollowData,,,RightControllerPosition,0.11960119009017944,0.9131374359130859,0.24960863590240479
,498,,,,,7/29/2022 3:54:24 PM,FingerFollowData,,,LeftControllerPosition,-0.30368131399154663,0.8642317652702332,0.3829542100429535
,498,,,,,7/29/2022 3:54:24 PM,FingerFollowData,,,RightControllerPosition,0.10457752645015717,0.9024074077606201,0.255746990442276
,582,,,,,7/29/2022 3:54:24 PM,FingerFollowData,,,LeftControllerPosition,-0.30156221985816956,0.8613783717155457,0.38426902890205383
,582,,,,,7/29/2022 3:54:24 PM,FingerFollowData,,,RightControllerPosition,0.08720850944519043,0.9086621999740601,0.2625628113746643
,665,,,,,7/29/2022 3:54:24 PM,FingerFollowData,,,LeftControllerPosition,-0.30507194995880127,0.8606968522071838,0.38308706879615784
,665,,,,,7/29/2022 3:54:24 PM,FingerFollowData,,,RightControllerPosition,0.060906704515218735,0.9283871054649353,0.27474337816238403
,748,,,,,7/29/2022 3:54:24 PM,FingerFollowData,,,LeftControllerPosition,-0.30294108390808105,0.8597428798675537,0.38251301646232605
,748,,,,,7/29/2022 3:54:24 PM,FingerFollowData,,,RightControllerPosition,0.029711605980992317,0.9412029981613159,0.29183125495910645
,832,,,,,7/29/2022 3:54:25 PM,FingerFollowData,,,LeftControllerPosition,-0.30109044909477234,0.8580477237701416,0.3828113079071045
,832,,,,,7/29/2022 3:54:25 PM,FingerFollowData,,,RightControllerPosition,-0.0030149295926094055,0.9494390487670898,0.3200094401836395
,916,,,,,7/29/2022 3:54:25 PM,FingerFollowData,,,LeftControllerPosition,-0.29907941818237305,0.8562261462211609,0.3845578730106354
,916,,,,,7/29/2022 3:54:25 PM,FingerFollowData,,,RightControllerPosition,-0.037654802203178406,0.9643712639808655,0.3513450622558594
,999,,,,,7/29/2022 3:54:25 PM,FingerFollowData,,,LeftControllerPosition,-0.29947084188461304,0.8552535772323608,0.3854855000972748
,999,,,,,7/29/2022 3:54:25 PM,FingerFollowData,,,RightControllerPosition,-0.07450104504823685,0.9817569851875305,0.3839109241962433
,1083,,,,,7/29/2022 3:54:25 PM,FingerFollowData,,,LeftControllerPosition,-0.29944705963134766,0.8559659719467163,0.38515540957450867
,1083,,,,,7/29/2022 3:54:25 PM,FingerFollowData,,,RightControllerPosition,-0.11026867479085922,1.0059751272201538,0.4096396565437317
,1167,,,,,7/29/2022 3:54:25 PM,FingerFollowData,,,LeftControllerPosition,-0.2988367974758148,0.8549489378929138,0.3866765797138214
,1167,,,,,7/29/2022 3:54:25 PM,FingerFollowData,,,RightControllerPosition,-0.14496515691280365,1.0291106700897217,0.42892900109291077
,1250,,,,,7/29/2022 3:54:25 PM,FingerFollowData,,,LeftControllerPosition,-0.29649806022644043,0.8540784120559692,0.3873208463191986
,1250,,,,,7/29/2022 3:54:25 PM,FingerFollowData,,,RightControllerPosition,-0.17311237752437592,1.0460205078125,0.4493523836135864
,1334,,,,,7/29/2022 3:54:25 PM,FingerFollowData,,,LeftControllerPosition,-0.2960447371006012,0.854364812374115,0.38690802454948425
,1334,,,,,7/29/2022 3:54:25 PM,FingerFollowData,,,RightControllerPosition,-0.19356565177440643,1.0490072965621948,0.468108594417572
,1404,,,,,7/29/2022 3:54:25 PM,FingerFollowData,,,LeftControllerPosition,-0.2956012487411499,0.8543503284454346,0.38735708594322205
,1404,,,,,7/29/2022 3:54:25 PM,FingerFollowData,,,RightControllerPosition,-0.2040511667728424,1.0507465600967407,0.48039066791534424
,1488,,,,,7/29/2022 3:54:25 PM,FingerFollowData,,,LeftControllerPosition,-0.2963631749153137,0.854547381401062,0.3880210518836975
,1488,,,,,7/29/2022 3:54:25 PM,FingerFollowData,,,RightControllerPosition,-0.2093382477760315,1.051044225692749,0.49170392751693726
,1571,,,,,7/29/2022 3:54:25 PM,FingerFollowData,,,LeftControllerPosition,-0.29616251587867737,0.8542020320892334,0.3883375823497772
,1571,,,,,7/29/2022 3:54:25 PM,FingerFollowData,,,RightControllerPosition,-0.20751403272151947,1.0531402826309204,0.5016670823097229
,1655,,,,,7/29/2022 3:54:25 PM,FingerFollowData,,,LeftControllerPosition,-0.2966196537017822,0.8541224002838135,0.3884773850440979
,1655,,,,,7/29/2022 3:54:25 PM,FingerFollowData,,,RightControllerPosition,-0.20418864488601685,1.0525026321411133,0.5083186030387878
,1739,,,,,7/29/2022 3:54:25 PM,FingerFollowData,,,LeftControllerPosition,-0.29603147506713867,0.8538809418678284,0.3889731764793396
,1739,,,,,7/29/2022 3:54:25 PM,FingerFollowData,,,RightControllerPosition,-0.20560866594314575,1.0568259954452515,0.5103151798248291
0,1753,0,,,,7/29/2022 3:54:25 PM,,,,FingerFollowData,,,
,1822,,,,,7/29/2022 3:54:26 PM,FingerFollowData,,,LeftControllerPosition,-0.29480108618736267,0.8533885478973389,0.3891052305698395
,1822,,,,,7/29/2022 3:54:26 PM,FingerFollowData,,,RightControllerPosition,-0.21045513451099396,1.055920124053955,0.5101500749588013
,1907,,,,,7/29/2022 3:54:26 PM,FingerFollowData,,,LeftControllerPosition,-0.2954699695110321,0.8537275791168213,0.38893643021583557
,1907,,,,,7/29/2022 3:54:26 PM,FingerFollowData,,,RightControllerPosition,-0.21553818881511688,1.0586744546890259,0.5097634792327881
,1989,,,,,7/29/2022 3:54:26 PM,FingerFollowData,,,LeftControllerPosition,-0.29539957642555237,0.8537483811378479,0.38884881138801575
,1989,,,,,7/29/2022 3:54:26 PM,FingerFollowData,,,RightControllerPosition,-0.21669520437717438,1.0570570230484009,0.5097359418869019
,2073,,,,,7/29/2022 3:54:26 PM,FingerFollowData,,,LeftControllerPosition,-0.2965001165866852,0.8539702892303467,0.38923943042755127
,2073,,,,,7/29/2022 3:54:26 PM,FingerFollowData,,,RightControllerPosition,-0.212132528424263,1.0503162145614624,0.5089227557182312
,2156,,,,,7/29/2022 3:54:26 PM,FingerFollowData,,,LeftControllerPosition,-0.2962549328804016,0.8539673686027527,0.38930192589759827
,2156,,,,,7/29/2022 3:54:26 PM,FingerFollowData,,,RightControllerPosition,-0.20504675805568695,1.0426361560821533,0.5077213048934937
,2240,,,,,7/29/2022 3:54:26 PM,FingerFollowData,,,LeftControllerPosition,-0.2961222529411316,0.8539367318153381,0.3889975845813751
,2240,,,,,7/29/2022 3:54:26 PM,FingerFollowData,,,RightControllerPosition,-0.19706441462039948,1.0359169244766235,0.5065732002258301
,2324,,,,,7/29/2022 3:54:26 PM,FingerFollowData,,,LeftControllerPosition,-0.2964116334915161,0.8540156483650208,0.38887983560562134
,2324,,,,,7/29/2022 3:54:26 PM,FingerFollowData,,,RightControllerPosition,-0.19231612980365753,1.0326008796691895,0.505852997303009
,2407,,,,,7/29/2022 3:54:26 PM,FingerFollowData,,,LeftControllerPosition,-0.29658740758895874,0.8539329767227173,0.3886995315551758
,2407,,,,,7/29/2022 3:54:26 PM,FingerFollowData,,,RightControllerPosition,-0.1864331066608429,1.0278409719467163,0.5029544234275818
,2491,,,,,7/29/2022 3:54:26 PM,FingerFollowData,,,LeftControllerPosition,-0.29641780257225037,0.8537607192993164,0.38896307349205017
,2491,,,,,7/29/2022 3:54:26 PM,FingerFollowData,,,RightControllerPosition,-0.1811857372522354,1.0217628479003906,0.5022237300872803
,2574,,,,,7/29/2022 3:54:26 PM,FingerFollowData,,,LeftControllerPosition,-0.2963784635066986,0.8537137508392334,0.38901448249816895
,2574,,,,,7/29/2022 3:54:26 PM,FingerFollowData,,,RightControllerPosition,-0.17667131125926971,1.0140342712402344,0.5013549327850342
,2658,,,,,7/29/2022 3:54:26 PM,FingerFollowData,,,LeftControllerPosition,-0.2963765859603882,0.8537075519561768,0.38870173692703247
,2658,,,,,7/29/2022 3:54:26 PM,FingerFollowData,,,RightControllerPosition,-0.1714106947183609,1.0064362287521362,0.5021567344665527
,2742,,,,,7/29/2022 3:54:26 PM,FingerFollowData,,,LeftControllerPosition,-0.2962569296360016,0.8537728190422058,0.3885652422904968
,2742,,,,,7/29/2022 3:54:26 PM,FingerFollowData,,,RightControllerPosition,-0.1658036708831787,0.9986961483955383,0.503864586353302
,2825,,,,,7/29/2022 3:54:27 PM,FingerFollowData,,,LeftControllerPosition,-0.29596295952796936,0.8537805676460266,0.3885142207145691
,2825,,,,,7/29/2022 3:54:27 PM,FingerFollowData,,,RightControllerPosition,-0.16029882431030273,0.9879321455955505,0.5059407353401184
,2908,,,,,7/29/2022 3:54:27 PM,FingerFollowData,,,LeftControllerPosition,-0.2957688570022583,0.8537992238998413,0.3884528577327728
,2908,,,,,7/29/2022 3:54:27 PM,FingerFollowData,,,RightControllerPosition,-0.1561257243156433,0.9786110520362854,0.5071588754653931
,2992,,,,,7/29/2022 3:54:27 PM,FingerFollowData,,,LeftControllerPosition,-0.29579299688339233,0.8538582921028137,0.388582706451416
,2992,,,,,7/29/2022 3:54:27 PM,FingerFollowData,,,RightControllerPosition,-0.1495363563299179,0.9710521697998047,0.5099913477897644
,3075,,,,,7/29/2022 3:54:27 PM,FingerFollowData,,,LeftControllerPosition,-0.295908123254776,0.8539613485336304,0.38860729336738586
,3075,,,,,7/29/2022 3:54:27 PM,FingerFollowData,,,RightControllerPosition,-0.1440168023109436,0.9669445753097534,0.5111236572265625
,3159,,,,,7/29/2022 3:54:27 PM,FingerFollowData,,,LeftControllerPosition,-0.29603490233421326,0.8540321588516235,0.38871344923973083
,3159,,,,,7/29/2022 3:54:27 PM,FingerFollowData,,,RightControllerPosition,-0.13853734731674194,0.9628408551216125,0.5110450387001038
,3229,,,,,7/29/2022 3:54:27 PM,FingerFollowData,,,LeftControllerPosition,-0.29595863819122314,0.8539345860481262,0.3888050615787506
,3229,,,,,7/29/2022 3:54:27 PM,FingerFollowData,,,RightControllerPosition,-0.13342708349227905,0.9597457647323608,0.5108290910720825
,3313,,,,,7/29/2022 3:54:27 PM,FingerFollowData,,,LeftControllerPosition,-0.29597344994544983,0.853980302810669,0.38843369483947754
,3313,,,,,7/29/2022 3:54:27 PM,FingerFollowData,,,RightControllerPosition,-0.12562134861946106,0.9535416960716248,0.5112041234970093
,3398,,,,,7/29/2022 3:54:27 PM,FingerFollowData,,,LeftControllerPosition,-0.2963487505912781,0.8541588187217712,0.38814496994018555
,3398,,,,,7/29/2022 3:54:27 PM,FingerFollowData,,,RightControllerPosition,-0.11916817724704742,0.9493587017059326,0.5110244154930115
,3480,,,,,7/29/2022 3:54:27 PM,FingerFollowData,,,LeftControllerPosition,-0.29608410596847534,0.8541838526725769,0.38790974020957947
,3480,,,,,7/29/2022 3:54:27 PM,FingerFollowData,,,RightControllerPosition,-0.11393442749977112,0.9465137720108032,0.5113491415977478
1,3536,0.13733559846878052,,,,7/29/2022 3:54:27 PM,,,,FingerFollowData,,,
,3564,,,,,7/29/2022 3:54:27 PM,FingerFollowData,,,LeftControllerPosition,-0.2957841157913208,0.8542047142982483,0.3877701461315155
,3564,,,,,7/29/2022 3:54:27 PM,FingerFollowData,,,RightControllerPosition,-0.10850182175636292,0.9561980366706848,0.5144996643066406
,3647,,,,,7/29/2022 3:54:27 PM,FingerFollowData,,,LeftControllerPosition,-0.2958974242210388,0.8541054129600525,0.3874843716621399
,3647,,,,,7/29/2022 3:54:27 PM,FingerFollowData,,,RightControllerPosition,-0.10492449253797531,0.9667596817016602,0.5157217979431152
,3731,,,,,7/29/2022 3:54:27 PM,FingerFollowData,,,LeftControllerPosition,-0.29582738876342773,0.8536463379859924,0.3873637020587921
,3731,,,,,7/29/2022 3:54:27 PM,FingerFollowData,,,RightControllerPosition,-0.10511619597673416,0.9697771668434143,0.5141977667808533
,3814,,,,,7/29/2022 3:54:28 PM,FingerFollowData,,,LeftControllerPosition,-0.29578661918640137,0.8532629609107971,0.38753247261047363
,3814,,,,,7/29/2022 3:54:28 PM,FingerFollowData,,,RightControllerPosition,-0.1041221171617508,0.9765160083770752,0.5140269994735718
,3898,,,,,7/29/2022 3:54:28 PM,FingerFollowData,,,LeftControllerPosition,-0.2961113452911377,0.8528869152069092,0.3878585994243622
,3898,,,,,7/29/2022 3:54:28 PM,FingerFollowData,,,RightControllerPosition,-0.10003933310508728,0.9843562841415405,0.515893816947937
,3982,,,,,7/29/2022 3:54:28 PM,FingerFollowData,,,LeftControllerPosition,-0.2962939739227295,0.8529724478721619,0.3883574903011322
,3982,,,,,7/29/2022 3:54:28 PM,FingerFollowData,,,RightControllerPosition,-0.09487222135066986,0.9905833005905151,0.517110288143158
,4065,,,,,7/29/2022 3:54:28 PM,FingerFollowData,,,LeftControllerPosition,-0.2963079512119293,0.852864146232605,0.3887355625629425
,4065,,,,,7/29/2022 3:54:28 PM,FingerFollowData,,,RightControllerPosition,-0.08880241960287094,0.9979230761528015,0.5180310606956482
,4148,,,,,7/29/2022 3:54:28 PM,FingerFollowData,,,LeftControllerPosition,-0.29648420214653015,0.8531515002250671,0.38881874084472656
,4148,,,,,7/29/2022 3:54:28 PM,FingerFollowData,,,RightControllerPosition,-0.08259192854166031,1.0043268203735352,0.5186312198638916
,4231,,,,,7/29/2022 3:54:28 PM,FingerFollowData,,,LeftControllerPosition,-0.29650261998176575,0.8532630205154419,0.3888474702835083
,4231,,,,,7/29/2022 3:54:28 PM,FingerFollowData,,,RightControllerPosition,-0.0769447535276413,1.0078538656234741,0.5185716152191162
,4315,,,,,7/29/2022 3:54:28 PM,FingerFollowData,,,LeftControllerPosition,-0.2964024245738983,0.8531621694564819,0.38880816102027893
,4315,,,,,7/29/2022 3:54:28 PM,FingerFollowData,,,RightControllerPosition,-0.06939654052257538,1.0117536783218384,0.5184244513511658
,4398,,,,,7/29/2022 3:54:28 PM,FingerFollowData,,,LeftControllerPosition,-0.2965226471424103,0.8527032732963562,0.38894933462142944
,4398,,,,,7/29/2022 3:54:28 PM,FingerFollowData,,,RightControllerPosition,-0.062113527208566666,1.0166103839874268,0.5185121297836304
,4481,,,,,7/29/2022 3:54:28 PM,FingerFollowData,,,LeftControllerPosition,-0.29689958691596985,0.8522652387619019,0.38925421237945557
,4481,,,,,7/29/2022 3:54:28 PM,FingerFollowData,,,RightControllerPosition,-0.05600651353597641,1.0200533866882324,0.5188060998916626
,4565,,,,,7/29/2022 3:54:28 PM,FingerFollowData,,,LeftControllerPosition,-0.2970114052295685,0.8518397212028503,0.3897494077682495
,4565,,,,,7/29/2022 3:54:28 PM,FingerFollowData,,,RightControllerPosition,-0.04860132560133934,1.025006651878357,0.5191805362701416
,4648,,,,,7/29/2022 3:54:28 PM,FingerFollowData,,,LeftControllerPosition,-0.2970346212387085,0.8515971899032593,0.39001139998435974
,4648,,,,,7/29/2022 3:54:28 PM,FingerFollowData,,,RightControllerPosition,-0.04324539750814438,1.0297749042510986,0.5195494294166565
,4732,,,,,7/29/2022 3:54:28 PM,FingerFollowData,,,LeftControllerPosition,-0.29679396748542786,0.8513369560241699,0.39018967747688293
,4732,,,,,7/29/2022 3:54:28 PM,FingerFollowData,,,RightControllerPosition,-0.03867195174098015,1.0353899002075195,0.5199458003044128
,4817,,,,,7/29/2022 3:54:29 PM,FingerFollowData,,,LeftControllerPosition,-0.2969750761985779,0.8512375950813293,0.3901824355125427
,4817,,,,,7/29/2022 3:54:29 PM,FingerFollowData,,,RightControllerPosition,-0.03431636467576027,1.0402345657348633,0.5197561383247375
,4900,,,,,7/29/2022 3:54:29 PM,FingerFollowData,,,LeftControllerPosition,-0.2969691753387451,0.8510758280754089,0.3903869688510895
,4900,,,,,7/29/2022 3:54:29 PM,FingerFollowData,,,RightControllerPosition,-0.03011154755949974,1.04433274269104,0.5193922519683838
,4983,,,,,7/29/2022 3:54:29 PM,FingerFollowData,,,LeftControllerPosition,-0.2968667447566986,0.8509089946746826,0.39044639468193054
,4983,,,,,7/29/2022 3:54:29 PM,FingerFollowData,,,RightControllerPosition,-0.02273133583366871,1.048654317855835,0.5195661187171936
,5066,,,,,7/29/2022 3:54:29 PM,FingerFollowData,,,LeftControllerPosition,-0.2966671586036682,0.8507773876190186,0.3904260993003845
,5066,,,,,7/29/2022 3:54:29 PM,FingerFollowData,,,RightControllerPosition,-0.013356355018913746,1.0561237335205078,0.5195392370223999
,5150,,,,,7/29/2022 3:54:29 PM,FingerFollowData,,,LeftControllerPosition,-0.296321302652359,0.8505222201347351,0.3902943432331085
,5150,,,,,7/29/2022 3:54:29 PM,FingerFollowData,,,RightControllerPosition,-0.003857068484649062,1.0640076398849487,0.5189482569694519
,5234,,,,,7/29/2022 3:54:29 PM,FingerFollowData,,,LeftControllerPosition,-0.2956208288669586,0.8502820134162903,0.3903019428253174
,5234,,,,,7/29/2022 3:54:29 PM,FingerFollowData,,,RightControllerPosition,0.004931024741381407,1.0706417560577393,0.5189253687858582
,5318,,,,,7/29/2022 3:54:29 PM,FingerFollowData,,,LeftControllerPosition,-0.2955751121044159,0.8503450751304626,0.39029279351234436
,5318,,,,,7/29/2022 3:54:29 PM,FingerFollowData,,,RightControllerPosition,0.008872115053236485,1.0719413757324219,0.5179744958877563
,5388,,,,,7/29/2022 3:54:29 PM,FingerFollowData,,,LeftControllerPosition,-0.2955453097820282,0.8504317402839661,0.390034943819046
,5388,,,,,7/29/2022 3:54:29 PM,FingerFollowData,,,RightControllerPosition,0.012000774964690208,1.0728216171264648,0.5177983641624451
,5472,,,,,7/29/2022 3:54:29 PM,FingerFollowData,,,LeftControllerPosition,-0.2953943610191345,0.8505447506904602,0.389771968126297
,5472,,,,,7/29/2022 3:54:29 PM,FingerFollowData,,,RightControllerPosition,0.018172752112150192,1.0769046545028687,0.518401026725769
,5555,,,,,7/29/2022 3:54:29 PM,FingerFollowData,,,LeftControllerPosition,-0.29509294033050537,0.8505933880805969,0.38980618119239807
,5555,,,,,7/29/2022 3:54:29 PM,FingerFollowData,,,RightControllerPosition,0.02595329098403454,1.0820136070251465,0.5195364356040955
,5639,,,,,7/29/2022 3:54:29 PM,FingerFollowData,,,LeftControllerPosition,-0.2949182391166687,0.8506890535354614,0.3897538185119629
,5639,,,,,7/29/2022 3:54:29 PM,FingerFollowData,,,RightControllerPosition,0.03237142041325569,1.0879186391830444,0.5196655988693237
,5722,,,,,7/29/2022 3:54:29 PM,FingerFollowData,,,LeftControllerPosition,-0.29469752311706543,0.8507840037345886,0.389591246843338
,5722,,,,,7/29/2022 3:54:29 PM,FingerFollowData,,,RightControllerPosition,0.03518245369195938,1.0897904634475708,0.5194680094718933
,5806,,,,,7/29/2022 3:54:29 PM,FingerFollowData,,,LeftControllerPosition,-0.29403868317604065,0.8509134650230408,0.3895714581012726
,5806,,,,,7/29/2022 3:54:29 PM,FingerFollowData,,,RightControllerPosition,0.03161642327904701,1.0886952877044678,0.5151472687721252
2,5833,0.19682300090789795,,,,7/29/2022 3:54:30 PM,,,,FingerFollowData,,,
2,5861,0.013577300123870373,,,,7/29/2022 3:54:30 PM,,,,FingerFollowData,,,
,5889,,,,,7/29/2022 3:54:30 PM,FingerFollowData,,,LeftControllerPosition,-0.2929343283176422,0.8508961796760559,0.3893991708755493
,5889,,,,,7/29/2022 3:54:30 PM,FingerFollowData,,,RightControllerPosition,0.02156771533191204,1.0817437171936035,0.5149796605110168
,5972,,,,,7/29/2022 3:54:30 PM,FingerFollowData,,,LeftControllerPosition,-0.29307126998901367,0.8510187864303589,0.38877952098846436
,5972,,,,,7/29/2022 3:54:30 PM,FingerFollowData,,,RightControllerPosition,0.010147021152079105,1.077746868133545,0.5156569480895996
,6056,,,,,7/29/2022 3:54:30 PM,FingerFollowData,,,LeftControllerPosition,-0.29326894879341125,0.8510218858718872,0.3887045681476593
,6056,,,,,7/29/2022 3:54:30 PM,FingerFollowData,,,RightControllerPosition,0.00021608720999211073,1.0756906270980835,0.5160115361213684
,6139,,,,,7/29/2022 3:54:30 PM,FingerFollowData,,,LeftControllerPosition,-0.2935032844543457,0.8510011434555054,0.3895605802536011
,6139,,,,,7/29/2022 3:54:30 PM,FingerFollowData,,,RightControllerPosition,-0.010567030869424343,1.0746572017669678,0.5146312117576599
,6223,,,,,7/29/2022 3:54:30 PM,FingerFollowData,,,LeftControllerPosition,-0.2927638590335846,0.850806713104248,0.3896687626838684
,6223,,,,,7/29/2022 3:54:30 PM,FingerFollowData,,,RightControllerPosition,-0.02094445936381817,1.0744298696517944,0.5133565068244934
,6307,,,,,7/29/2022 3:54:30 PM,FingerFollowData,,,LeftControllerPosition,-0.29226359724998474,0.8507933020591736,0.3894766867160797
,6307,,,,,7/29/2022 3:54:30 PM,FingerFollowData,,,RightControllerPosition,-0.030395446345210075,1.0740317106246948,0.5125674605369568
,6390,,,,,7/29/2022 3:54:30 PM,FingerFollowData,,,LeftControllerPosition,-0.2917764186859131,0.8507543802261353,0.38915857672691345
,6390,,,,,7/29/2022 3:54:30 PM,FingerFollowData,,,RightControllerPosition,-0.039292845875024796,1.073852777481079,0.5115134716033936
,6472,,,,,7/29/2022 3:54:30 PM,FingerFollowData,,,LeftControllerPosition,-0.2910901606082916,0.8505522012710571,0.38921019434928894
,6472,,,,,7/29/2022 3:54:30 PM,FingerFollowData,,,RightControllerPosition,-0.0484943725168705,1.0728635787963867,0.5102676749229431
,6555,,,,,7/29/2022 3:54:30 PM,FingerFollowData,,,LeftControllerPosition,-0.29072636365890503,0.8504493236541748,0.38943642377853394
,6555,,,,,7/29/2022 3:54:30 PM,FingerFollowData,,,RightControllerPosition,-0.057553794234991074,1.0739600658416748,0.5089715719223022
,6639,,,,,7/29/2022 3:54:30 PM,FingerFollowData,,,LeftControllerPosition,-0.2905571758747101,0.8504780530929565,0.38942137360572815
,6639,,,,,7/29/2022 3:54:30 PM,FingerFollowData,,,RightControllerPosition,-0.06538902223110199,1.075235366821289,0.5083360075950623
,6723,,,,,7/29/2022 3:54:30 PM,FingerFollowData,,,LeftControllerPosition,-0.28993117809295654,0.851897656917572,0.38870665431022644
,6723,,,,,7/29/2022 3:54:30 PM,FingerFollowData,,,RightControllerPosition,-0.0721326693892479,1.075857162475586,0.5081443786621094
,6806,,,,,7/29/2022 3:54:30 PM,FingerFollowData,,,LeftControllerPosition,-0.28970685601234436,0.8524150252342224,0.3885347545146942
,6806,,,,,7/29/2022 3:54:30 PM,FingerFollowData,,,RightControllerPosition,-0.08069580048322678,1.0751292705535889,0.5073773264884949
,6889,,,,,7/29/2022 3:54:31 PM,FingerFollowData,,,LeftControllerPosition,-0.2892880141735077,0.8526643514633179,0.38824549317359924
,6889,,,,,7/29/2022 3:54:31 PM,FingerFollowData,,,RightControllerPosition,-0.0885678380727768,1.075065016746521,0.5072667002677917
,6972,,,,,7/29/2022 3:54:31 PM,FingerFollowData,,,LeftControllerPosition,-0.28921225666999817,0.8530941009521484,0.38788875937461853
,6972,,,,,7/29/2022 3:54:31 PM,FingerFollowData,,,RightControllerPosition,-0.09563184529542923,1.0747168064117432,0.5075844526290894
,7056,,,,,7/29/2022 3:54:31 PM,FingerFollowData,,,LeftControllerPosition,-0.28903281688690186,0.853151798248291,0.387784868478775
,7056,,,,,7/29/2022 3:54:31 PM,FingerFollowData,,,RightControllerPosition,-0.10295473039150238,1.0745869874954224,0.507581353187561
,7140,,,,,7/29/2022 3:54:31 PM,FingerFollowData,,,LeftControllerPosition,-0.2888149619102478,0.8532087802886963,0.38760560750961304
,7140,,,,,7/29/2022 3:54:31 PM,FingerFollowData,,,RightControllerPosition,-0.11127423495054245,1.0737123489379883,0.5070452690124512
,7223,,,,,7/29/2022 3:54:31 PM,FingerFollowData,,,LeftControllerPosition,-0.28893396258354187,0.8532623052597046,0.38746917247772217
,7223,,,,,7/29/2022 3:54:31 PM,FingerFollowData,,,RightControllerPosition,-0.1173846647143364,1.0739277601242065,0.5067994594573975
,7307,,,,,7/29/2022 3:54:31 PM,FingerFollowData,,,LeftControllerPosition,-0.28895092010498047,0.8532457947731018,0.38735923171043396
,7307,,,,,7/29/2022 3:54:31 PM,FingerFollowData,,,RightControllerPosition,-0.12412790954113007,1.074896216392517,0.5063763856887817
,7390,,,,,7/29/2022 3:54:31 PM,FingerFollowData,,,LeftControllerPosition,-0.2887764275074005,0.8531184792518616,0.3873172104358673
,7390,,,,,7/29/2022 3:54:31 PM,FingerFollowData,,,RightControllerPosition,-0.13129128515720367,1.0744415521621704,0.5065673589706421
,7473,,,,,7/29/2022 3:54:31 PM,FingerFollowData,,,LeftControllerPosition,-0.28878599405288696,0.8530768156051636,0.38742971420288086
,7473,,,,,7/29/2022 3:54:31 PM,FingerFollowData,,,RightControllerPosition,-0.14012204110622406,1.0734633207321167,0.506222128868103
,7557,,,,,7/29/2022 3:54:31 PM,FingerFollowData,,,LeftControllerPosition,-0.2885682284832001,0.8527612090110779,0.3873837888240814
,7557,,,,,7/29/2022 3:54:31 PM,FingerFollowData,,,RightControllerPosition,-0.15009965002536774,1.0723822116851807,0.5065728425979614
,7641,,,,,7/29/2022 3:54:31 PM,FingerFollowData,,,LeftControllerPosition,-0.28861555457115173,0.8525907397270203,0.38740479946136475
,7641,,,,,7/29/2022 3:54:31 PM,FingerFollowData,,,RightControllerPosition,-0.15868929028511047,1.0715653896331787,0.5068643689155579
,7724,,,,,7/29/2022 3:54:31 PM,FingerFollowData,,,LeftControllerPosition,-0.28859779238700867,0.8525010943412781,0.38744646310806274
,7724,,,,,7/29/2022 3:54:31 PM,FingerFollowData,,,RightControllerPosition,-0.16765837371349335,1.0688594579696655,0.5071247816085815
,7808,,,,,7/29/2022 3:54:31 PM,FingerFollowData,,,LeftControllerPosition,-0.28856292366981506,0.8523894548416138,0.3876989483833313
,7808,,,,,7/29/2022 3:54:31 PM,FingerFollowData,,,RightControllerPosition,-0.17447765171527863,1.0658010244369507,0.5078890919685364
,7878,,,,,7/29/2022 3:54:32 PM,FingerFollowData,,,LeftControllerPosition,-0.2888568341732025,0.8524653315544128,0.38778772950172424
,7878,,,,,7/29/2022 3:54:32 PM,FingerFollowData,,,RightControllerPosition,-0.18017251789569855,1.065489649772644,0.508639931678772
,7961,,,,,7/29/2022 3:54:32 PM,FingerFollowData,,,LeftControllerPosition,-0.2889562249183655,0.8525151014328003,0.3878799378871918
,7961,,,,,7/29/2022 3:54:32 PM,FingerFollowData,,,RightControllerPosition,-0.18646256625652313,1.0651414394378662,0.5097658038139343
,8045,,,,,7/29/2022 3:54:32 PM,FingerFollowData,,,LeftControllerPosition,-0.2890794575214386,0.852576732635498,0.3878780007362366
,8045,,,,,7/29/2022 3:54:32 PM,FingerFollowData,,,RightControllerPosition,-0.19341515004634857,1.0649380683898926,0.5106776356697083
,8128,,,,,7/29/2022 3:54:32 PM,FingerFollowData,,,LeftControllerPosition,-0.28900888562202454,0.8526397943496704,0.387771338224411
,8128,,,,,7/29/2022 3:54:32 PM,FingerFollowData,,,RightControllerPosition,-0.20061784982681274,1.0637201070785522,0.5115704536437988
,8213,,,,,7/29/2022 3:54:32 PM,FingerFollowData,,,LeftControllerPosition,-0.28900712728500366,0.8526813387870789,0.3876290023326874
,8213,,,,,7/29/2022 3:54:32 PM,FingerFollowData,,,RightControllerPosition,-0.20856499671936035,1.0624635219573975,0.5116153359413147
,8294,,,,,7/29/2022 3:54:32 PM,FingerFollowData,,,LeftControllerPosition,-0.2886196970939636,0.852556586265564,0.38769590854644775
,8294,,,,,7/29/2022 3:54:32 PM,FingerFollowData,,,RightControllerPosition,-0.2149118036031723,1.061186671257019,0.5124545693397522
,8378,,,,,7/29/2022 3:54:32 PM,FingerFollowData,,,LeftControllerPosition,-0.2883068025112152,0.85252445936203,0.3877244293689728
,8378,,,,,7/29/2022 3:54:32 PM,FingerFollowData,,,RightControllerPosition,-0.22212405502796173,1.0606876611709595,0.5134590268135071
,8461,,,,,7/29/2022 3:54:32 PM,FingerFollowData,,,LeftControllerPosition,-0.2882544696331024,0.852512776851654,0.3877037465572357
,8461,,,,,7/29/2022 3:54:32 PM,FingerFollowData,,,RightControllerPosition,-0.22581319510936737,1.059826135635376,0.5139501690864563
,8545,,,,,7/29/2022 3:54:32 PM,FingerFollowData,,,LeftControllerPosition,-0.2883278727531433,0.8523960709571838,0.38807275891304016
,8545,,,,,7/29/2022 3:54:32 PM,FingerFollowData,,,RightControllerPosition,-0.23102901875972748,1.063466191291809,0.5134538412094116
,8628,,,,,7/29/2022 3:54:32 PM,FingerFollowData,,,LeftControllerPosition,-0.28781867027282715,0.8523200154304504,0.3880157470703125
,8628,,,,,7/29/2022 3:54:32 PM,FingerFollowData,,,RightControllerPosition,-0.23546171188354492,1.0680121183395386,0.5129941701889038
,8712,,,,,7/29/2022 3:54:32 PM,FingerFollowData,,,LeftControllerPosition,-0.2877449691295624,0.8523131608963013,0.3877916932106018
,8712,,,,,7/29/2022 3:54:32 PM,FingerFollowData,,,RightControllerPosition,-0.2404550015926361,1.07167387008667,0.5116048455238342
,8795,,,,,7/29/2022 3:54:32 PM,FingerFollowData,,,LeftControllerPosition,-0.28770843148231506,0.8522687554359436,0.3875494599342346
,8795,,,,,7/29/2022 3:54:32 PM,FingerFollowData,,,RightControllerPosition,-0.2458735853433609,1.0720561742782593,0.5112992525100708
,8879,,,,,7/29/2022 3:54:33 PM,FingerFollowData,,,LeftControllerPosition,-0.2877141833305359,0.8520569205284119,0.3873131275177002
,8879,,,,,7/29/2022 3:54:33 PM,FingerFollowData,,,RightControllerPosition,-0.25591152906417847,1.0725209712982178,0.5110071897506714
,8962,,,,,7/29/2022 3:54:33 PM,FingerFollowData,,,LeftControllerPosition,-0.2882032096385956,0.8522577881813049,0.3863547146320343
,8962,,,,,7/29/2022 3:54:33 PM,FingerFollowData,,,RightControllerPosition,-0.26839280128479004,1.0732905864715576,0.5099538564682007
,9046,,,,,7/29/2022 3:54:33 PM,FingerFollowData,,,LeftControllerPosition,-0.2883647382259369,0.8524104356765747,0.38622114062309265
,9046,,,,,7/29/2022 3:54:33 PM,FingerFollowData,,,RightControllerPosition,-0.2784458100795746,1.073016881942749,0.509434163570404
,9129,,,,,7/29/2022 3:54:33 PM,FingerFollowData,,,LeftControllerPosition,-0.28844940662384033,0.852640688419342,0.3860495090484619
,9129,,,,,7/29/2022 3:54:33 PM,FingerFollowData,,,RightControllerPosition,-0.28617462515830994,1.0729942321777344,0.5093923211097717
,9213,,,,,7/29/2022 3:54:33 PM,FingerFollowData,,,LeftControllerPosition,-0.28789395093917847,0.8526743054389954,0.38602301478385925
,9213,,,,,7/29/2022 3:54:33 PM,FingerFollowData,,,RightControllerPosition,-0.2929275631904602,1.073783040046692,0.5094699859619141
,9297,,,,,7/29/2022 3:54:33 PM,FingerFollowData,,,LeftControllerPosition,-0.2872282564640045,0.8525609374046326,0.385762482881546
,9297,,,,,7/29/2022 3:54:33 PM,FingerFollowData,,,RightControllerPosition,-0.3003811538219452,1.0755935907363892,0.5097247362136841
,9380,,,,,7/29/2022 3:54:33 PM,FingerFollowData,,,LeftControllerPosition,-0.28731557726860046,0.8528766632080078,0.3847947418689728
,9380,,,,,7/29/2022 3:54:33 PM,FingerFollowData,,,RightControllerPosition,-0.30744436383247375,1.0786428451538086,0.5089461207389832
,9464,,,,,7/29/2022 3:54:33 PM,FingerFollowData,,,LeftControllerPosition,-0.2877269685268402,0.8529344797134399,0.38475582003593445
,9464,,,,,7/29/2022 3:54:33 PM,FingerFollowData,,,RightControllerPosition,-0.3067167103290558,1.0729118585586548,0.506703794002533
4,9479,0.12543049454689026,,,,7/29/2022 3:54:33 PM,,,,FingerFollowData,,,
,9547,,,,,7/29/2022 3:54:33 PM,FingerFollowData,,,LeftControllerPosition,-0.2877635061740875,0.8528379201889038,0.3846973776817322
,9547,,,,,7/29/2022 3:54:33 PM,FingerFollowData,,,RightControllerPosition,-0.2958269417285919,1.0616157054901123,0.507074773311615
,9631,,,,,7/29/2022 3:54:33 PM,FingerFollowData,,,LeftControllerPosition,-0.28715577721595764,0.8528245091438293,0.3849157392978668
,9631,,,,,7/29/2022 3:54:33 PM,FingerFollowData,,,RightControllerPosition,-0.2804309129714966,1.0518035888671875,0.5066551566123962
,9715,,,,,7/29/2022 3:54:33 PM,FingerFollowData,,,LeftControllerPosition,-0.28702065348625183,0.8526780009269714,0.38494589924812317
,9715,,,,,7/29/2022 3:54:33 PM,FingerFollowData,,,RightControllerPosition,-0.26622074842453003,1.046980619430542,0.5087755918502808
,9798,,,,,7/29/2022 3:54:33 PM,FingerFollowData,,,LeftControllerPosition,-0.28733620047569275,0.8526440262794495,0.3850017189979553
,9798,,,,,7/29/2022 3:54:33 PM,FingerFollowData,,,RightControllerPosition,-0.25805172324180603,1.0427252054214478,0.5040433406829834
,9882,,,,,7/29/2022 3:54:34 PM,FingerFollowData,,,LeftControllerPosition,-0.28756389021873474,0.8523977398872375,0.38545462489128113
,9882,,,,,7/29/2022 3:54:34 PM,FingerFollowData,,,RightControllerPosition,-0.2518789768218994,1.0358577966690063,0.4979861080646515
,9965,,,,,7/29/2022 3:54:34 PM,FingerFollowData,,,LeftControllerPosition,-0.28735706210136414,0.8519180417060852,0.38597074151039124
,9965,,,,,7/29/2022 3:54:34 PM,FingerFollowData,,,RightControllerPosition,-0.24755683541297913,1.0284901857376099,0.49595266580581665
,10036,,,,,7/29/2022 3:54:34 PM,FingerFollowData,,,LeftControllerPosition,-0.28788256645202637,0.8518385291099548,0.3859453797340393
,10036,,,,,7/29/2022 3:54:34 PM,FingerFollowData,,,RightControllerPosition,-0.24426065385341644,1.0225188732147217,0.49673447012901306
,10120,,,,,7/29/2022 3:54:34 PM,FingerFollowData,,,LeftControllerPosition,-0.28844112157821655,0.8518365025520325,0.38599053025245667
,10120,,,,,7/29/2022 3:54:34 PM,FingerFollowData,,,RightControllerPosition,-0.24218912422657013,1.014548420906067,0.4980134963989258
,10203,,,,,7/29/2022 3:54:34 PM,FingerFollowData,,,LeftControllerPosition,-0.28863784670829773,0.8517189621925354,0.38620859384536743
,10203,,,,,7/29/2022 3:54:34 PM,FingerFollowData,,,RightControllerPosition,-0.23932749032974243,1.0075534582138062,0.49862614274024963
,10287,,,,,7/29/2022 3:54:34 PM,FingerFollowData,,,LeftControllerPosition,-0.28862670063972473,0.8516018390655518,0.3870551586151123
,10287,,,,,7/29/2022 3:54:34 PM,FingerFollowData,,,RightControllerPosition,-0.236415296792984,0.9999093413352966,0.4987998306751251
,10370,,,,,7/29/2022 3:54:34 PM,FingerFollowData,,,LeftControllerPosition,-0.28821995854377747,0.8515686392784119,0.3873012065887451
,10370,,,,,7/29/2022 3:54:34 PM,FingerFollowData,,,RightControllerPosition,-0.23143716156482697,0.9913738369941711,0.4994584321975708
,10454,,,,,7/29/2022 3:54:34 PM,FingerFollowData,,,LeftControllerPosition,-0.2881271243095398,0.851734459400177,0.3871060907840729
,10454,,,,,7/29/2022 3:54:34 PM,FingerFollowData,,,RightControllerPosition,-0.2274010330438614,0.9865021705627441,0.5006070733070374
,10538,,,,,7/29/2022 3:54:34 PM,FingerFollowData,,,LeftControllerPosition,-0.28759410977363586,0.8514558672904968,0.3871936500072479
,10538,,,,,7/29/2022 3:54:34 PM,FingerFollowData,,,RightControllerPosition,-0.22238020598888397,0.9824399352073669,0.5018633604049683
,10621,,,,,7/29/2022 3:54:34 PM,FingerFollowData,,,LeftControllerPosition,-0.2875766456127167,0.8514357805252075,0.3873238265514374
,10621,,,,,7/29/2022 3:54:34 PM,FingerFollowData,,,RightControllerPosition,-0.21865200996398926,0.9788680672645569,0.5023423433303833
,10704,,,,,7/29/2022 3:54:34 PM,FingerFollowData,,,LeftControllerPosition,-0.2876444160938263,0.8514853715896606,0.3872785270214081
,10704,,,,,7/29/2022 3:54:34 PM,FingerFollowData,,,RightControllerPosition,-0.2133498191833496,0.9725903868675232,0.5029475092887878
,10788,,,,,7/29/2022 3:54:34 PM,FingerFollowData,,,LeftControllerPosition,-0.28769761323928833,0.8515714406967163,0.38717830181121826
,10788,,,,,7/29/2022 3:54:34 PM,FingerFollowData,,,RightControllerPosition,-0.20949353277683258,0.9682753086090088,0.5028512477874756
,10872,,,,,7/29/2022 3:54:35 PM,FingerFollowData,,,LeftControllerPosition,-0.28753915429115295,0.8515893816947937,0.3871799409389496
,10872,,,,,7/29/2022 3:54:35 PM,FingerFollowData,,,RightControllerPosition,-0.20393140614032745,0.9622085094451904,0.5019353628158569
,10956,,,,,7/29/2022 3:54:35 PM,FingerFollowData,,,LeftControllerPosition,-0.28748592734336853,0.851577639579773,0.3871847689151764
,10956,,,,,7/29/2022 3:54:35 PM,FingerFollowData,,,RightControllerPosition,-0.19938234984874725,0.9569097757339478,0.500531792640686
,11039,,,,,7/29/2022 3:54:35 PM,FingerFollowData,,,LeftControllerPosition,-0.2874470055103302,0.8515630960464478,0.3871457576751709
,11039,,,,,7/29/2022 3:54:35 PM,FingerFollowData,,,RightControllerPosition,-0.19631412625312805,0.952706515789032,0.49864107370376587
,11123,,,,,7/29/2022 3:54:35 PM,FingerFollowData,,,LeftControllerPosition,-0.28739112615585327,0.8515408039093018,0.3869527578353882
,11123,,,,,7/29/2022 3:54:35 PM,FingerFollowData,,,RightControllerPosition,-0.19059298932552338,0.9465115070343018,0.49635982513427734
,11206,,,,,7/29/2022 3:54:35 PM,FingerFollowData,,,LeftControllerPosition,-0.28726598620414734,0.8515101075172424,0.3871096670627594
,11206,,,,,7/29/2022 3:54:35 PM,FingerFollowData,,,RightControllerPosition,-0.1856336146593094,0.9402634501457214,0.4931965470314026
,11276,,Normal,Default,5,7/29/2022 3:54:35 PM,,true,92704cd1-8079-490a-ac1e-0bb1ed03fbef,FingerFollowConfig,,,
,,,,Default,,7/29/2022 4:03:02 PM,,,92704cd1-8079-490a-ac1e-0bb1ed03fbef,ApplicationQuit,,,